Workbook
Name ExerciseList: 'Exercise Database'!$A$2:$A$100

Sheet Exercise Database
A1: Exercise | B1: Chest | C1: Shoulder | D1: Back | E1: Triceps | F1: Biceps | G1: Abs | H1: Quads | I1: Hamstrings | J1: Glutes
A2: Incline Dumbbell Bench Press | B2: 1 | C2: 0.5 | D2: 0 | E2: 0.5 | F2: 0 | G2: 0 | H2: 0 | I2: 0 | J2: 0
A3: Standing Military Shoulder Press | B3: 0.25 | C3: 1 | D3: 0 | E3: 0.5 | F3: 0 | G3: 0 | H3: 0 | I3: 0 | J3: 0
A4: Flat Barbell Bench Press | B4: 1 | C4: 0.5 | D4: 0 | E4: 0.5 | F4: 0 | G4: 0 | H4: 0 | I4: 0 | J4: 0
A5: Incline Bench Cable Fly | B5: 1 | C5: 0.25 | D5: 0 | E5: 0 | F5: 0 | G5: 0 | H5: 0 | I5: 0 | J5: 0
A6: Pec Deck | B6: 1 | C6: 0.25 | D6: 0 | E6: 0 | F6: 0 | G6: 0 | H6: 0 | I6: 0 | J6: 0
A7: Dumbbell Lateral Raises | B7: 0 | C7: 1 | D7: 0 | E7: 0 | F7: 0 | G7: 0 | H7: 0 | I7: 0 | J7: 0
A8: Cable Lateral Raises | B8: 0 | C8: 1 | D8: 0 | E8: 0 | F8: 0 | G8: 0 | H8: 0 | I8: 0 | J8: 0
A9: Cable Overhead Extension | B9: 0 | C9: 0 | D9: 0 | E9: 1 | F9: 0 | G9: 0 | H9: 0 | I9: 0 | J9: 0
A10: Cable Pushdown | B10: 0 | C10: 0 | D10: 0 | E10: 1 | F10: 0 | G10: 0 | H10: 0 | I10: 0 | J10: 0
A11: Chest-Supported Rows | B11: 0 | C11: 0.25 | D11: 1 | E11: 0 | F11: 0.25 | G11: 0 | H11: 0 | I11: 0 | J11: 0
A12: Wide-Grip Lat Pulldown | B12: 0 | C12: 0.5 | D12: 1 | E12: 0 | F12: 0.25 | G12: 0 | H12: 0 | I12: 0 | J12: 0
A13: Neutral-Grip Lat Pulldown | B13: 0 | C13: 0.25 | D13: 1 | E13: 0 | F13: 0.5 | G13: 0 | H13: 0 | I13: 0 | J13: 0
... A28: Dumbbell Incline Bench Row | B28: 0 | C28: 0.25 | D28: 1 | E28: 0 | F28: 0.5 | G28: 0.25 | H28: 0 | I28: 0 | J28: 0

Sheet Workout Tracker
A1: Exercise | B1: Sets | C1: Chest | D1: Shoulder | E1: Back | F1: Triceps | G1: Biceps | H1: Abs | I1: Quads | J1: Hamstrings | K1: Glutes | M1: - | N1: Chest | O1: Shoulder | P1: Back | Q1: Triceps | R1: Biceps | S1: Abs | T1: Quads | U1: Hamstrings | V1: Glutes
A2: Incline Dumbbell Bench Press | B2: 3 | C2: =IFERROR(VLOOKUP(A2, 'Exercise Database'!A:J, 2, FALSE) * B2, "") -> 3 | D2: =IFERROR(VLOOKUP(A2, 'Exercise Database'!A:J, 3, FALSE) * B2, "") -> 1.5 | E2: =IFERROR(VLOOKUP(A2, 'Exercise Database'!A:J, 4, FALSE) * B2, "") -> 0 | F2: =IFERROR(VLOOKUP(A2, 'Exercise Database'!A:J, 5, FALSE) * B2, "") -> 1.5 | G2: =IFERROR(VLOOKUP(A2, 'Exercise Database'!A:J, 6, FALSE) * B2, "") -> 0 | H2: =IFERROR(VLOOKUP(A2, 'Exercise Database'!A:J, 7, FALSE) * B2, "") -> 0 | I2: =IFERROR(VLOOKUP(A2, 'Exercise Database'!A:J, 8, FALSE) * B2, "") -> 0 | J2: =IFERROR(VLOOKUP(A2, 'Exercise Database'!A:J, 9, FALSE) * B2, "") -> 0 | K2: =IFERROR(VLOOKUP(A2, 'Exercise Database'!A:J, 10, FALSE) * B2, "") -> 0 | M2: Total Number of Sets | N2: =SUM(C2:C100) -> 12.75 | O2: =SUM(D2:D100) -> 18 | P2: =SUM(E2:E100) -> 15 | Q2: =SUM(F2:F100) -> 12 | R2: =SUM(G2:G100) -> 15 | S2: =SUM(H2:H100) -> 12.75 | T2: =SUM(I2:I100) -> 9 | U2: =SUM(J2:J100) -> 9 | V2: =SUM(K2:K100) -> 4.5
A3: Standing Military Shoulder Press | B3: 3 | C3: =IFERROR(VLOOKUP(A3, 'Exercise Database'!A:J, 2, FALSE) * B3, "") -> 0.75 | D3: =IFERROR(VLOOKUP(A3, 'Exercise Database'!A:J, 3, FALSE) * B3, "") -> 3 | E3: =IFERROR(VLOOKUP(A3, 'Exercise Database'!A:J, 4, FALSE) * B3, "") -> 0 | F3: =IFERROR(VLOOKUP(A3, 'Exercise Database'!A:J, 5, FALSE) * B3, "") -> 1.5 | G3: =IFERROR(VLOOKUP(A3, 'Exercise Database'!A:J, 6, FALSE) * B3, "") -> 0 | H3: =IFERROR(VLOOKUP(A3, 'Exercise Database'!A:J, 7, FALSE) * B3, "") -> 0 | I3: =IFERROR(VLOOKUP(A3, 'Exercise Database'!A:J, 8, FALSE) * B3, "") -> 0 | J3: =IFERROR(VLOOKUP(A3, 'Exercise Database'!A:J, 9, FALSE) * B3, "") -> 0 | K3: =IFERROR(VLOOKUP(A3, 'Exercise Database'!A:J, 10, FALSE) * B3, "") -> 0
A4: Flat Barbell Bench Press | B4: 3 | C4: =IFERROR(VLOOKUP(A4, 'Exercise Database'!A:J, 2, FALSE) * B4, "") -> 3 | D4: =IFERROR(VLOOKUP(A4, 'Exercise Database'!A:J, 3, FALSE) * B4, "") -> 1.5 | E4: =IFERROR(VLOOKUP(A4, 'Exercise Database'!A:J, 4, FALSE) * B4, "") -> 0 | F4: =IFERROR(VLOOKUP(A4, 'Exercise Database'!A:J, 5, FALSE) * B4, "") -> 1.5 | G4: =IFERROR(VLOOKUP(A4, 'Exercise Database'!A:J, 6, FALSE) * B4, "") -> 0 | H4: =IFERROR(VLOOKUP(A4, 'Exercise Database'!A:J, 7, FALSE) * B4, "") -> 0 | I4: =IFERROR(VLOOKUP(A4, 'Exercise Database'!A:J, 8, FALSE) * B4, "") -> 0 | J4: =IFERROR(VLOOKUP(A4, 'Exercise Database'!A:J, 9, FALSE) * B4, "") -> 0 | K4: =IFERROR(VLOOKUP(A4, 'Exercise Database'!A:J, 10, FALSE) * B4, "") -> 0
A5: Cable Lateral Raises | B5: 3 | C5: =IFERROR(VLOOKUP(A5, 'Exercise Database'!A:J, 2, FALSE) * B5, "") -> 0 | D5: =IFERROR(VLOOKUP(A5, 'Exercise Database'!A:J, 3, FALSE) * B5, "") -> 3 | E5: =IFERROR(VLOOKUP(A5, 'Exercise Database'!A:J, 4, FALSE) * B5, "") -> 0 | F5: =IFERROR(VLOOKUP(A5, 'Exercise Database'!A:J, 5, FALSE) * B5, "") -> 0 | G5: =IFERROR(VLOOKUP(A5, 'Exercise Database'!A:J, 6, FALSE) * B5, "") -> 0 | H5: =IFERROR(VLOOKUP(A5, 'Exercise Database'!A:J, 7, FALSE) * B5, "") -> 0 | I5: =IFERROR(VLOOKUP(A5, 'Exercise Database'!A:J, 8, FALSE) * B5, "") -> 0 | J5: =IFERROR(VLOOKUP(A5, 'Exercise Database'!A:J, 9, FALSE) * B5, "") -> 0 | K5: =IFERROR(VLOOKUP(A5, 'Exercise Database'!A:J, 10, FALSE) * B5, "") -> 0
A6: Cable Overhead Extension | B6: 3 | C6: =IFERROR(VLOOKUP(A6, 'Exercise Database'!A:J, 2, FALSE) * B6, "") -> 0 | D6: =IFERROR(VLOOKUP(A6, 'Exercise Database'!A:J, 3, FALSE) * B6, "") -> 0 | E6: =IFERROR(VLOOKUP(A6, 'Exercise Database'!A:J, 4, FALSE) * B6, "") -> 0 | F6: =IFERROR(VLOOKUP(A6, 'Exercise Database'!A:J, 5, FALSE) * B6, "") -> 3 | G6: =IFERROR(VLOOKUP(A6, 'Exercise Database'!A:J, 6, FALSE) * B6, "") -> 0 | H6: =IFERROR(VLOOKUP(A6, 'Exercise Database'!A:J, 7, FALSE) * B6, "") -> 0 | I6: =IFERROR(VLOOKUP(A6, 'Exercise Database'!A:J, 8, FALSE) * B6, "") -> 0 | J6: =IFERROR(VLOOKUP(A6, 'Exercise Database'!A:J, 9, FALSE) * B6, "") -> 0 | K6: =IFERROR(VLOOKUP(A6, 'Exercise Database'!A:J, 10, FALSE) * B6, "") -> 0
A7: Cable Pushdown | B7: 3 | C7: =IFERROR(VLOOKUP(A7, 'Exercise Database'!A:J, 2, FALSE) * B7, "") -> 0 | D7: =IFERROR(VLOOKUP(A7, 'Exercise Database'!A:J, 3, FALSE) * B7, "") -> 0 | E7: =IFERROR(VLOOKUP(A7, 'Exercise Database'!A:J, 4, FALSE) * B7, "") -> 0 | F7: =IFERROR(VLOOKUP(A7, 'Exercise Database'!A:J, 5, FALSE) * B7, "") -> 3 | G7: =IFERROR(VLOOKUP(A7, 'Exercise Database'!A:J, 6, FALSE) * B7, "") -> 0 | H7: =IFERROR(VLOOKUP(A7, 'Exercise Database'!A:J, 7, FALSE) * B7, "") -> 0 | I7: =IFERROR(VLOOKUP(A7, 'Exercise Database'!A:J, 8, FALSE) * B7, "") -> 0 | J7: =IFERROR(VLOOKUP(A7, 'Exercise Database'!A:J, 9, FALSE) * B7, "") -> 0 | K7: =IFERROR(VLOOKUP(A7, 'Exercise Database'!A:J, 10, FALSE) * B7, "") -> 0
A8: Dumbbell Incline Bench Row | B8: 3 | C8: =IFERROR(VLOOKUP(A8, 'Exercise Database'!A:J, 2, FALSE) * B8, "") -> 0 | D8: =IFERROR(VLOOKUP(A8, 'Exercise Database'!A:J, 3, FALSE) * B8, "") -> 0.75 | E8: =IFERROR(VLOOKUP(A8, 'Exercise Database'!A:J, 4, FALSE) * B8, "") -> 3 | F8: =IFERROR(VLOOKUP(A8, 'Exercise Database'!A:J, 5, FALSE) * B8, "") -> 0 | G8: =IFERROR(VLOOKUP(A8, 'Exercise Database'!A:J, 6, FALSE) * B8, "") -> 1.5 | H8: =IFERROR(VLOOKUP(A8, 'Exercise Database'!A:J, 7, FALSE) * B8, "") -> 0.75 | I8: =IFERROR(VLOOKUP(A8, 'Exercise Database'!A:J, 8, FALSE) * B8, "") -> 0 | J8: =IFERROR(VLOOKUP(A8, 'Exercise Database'!A:J, 9, FALSE) * B8, "") -> 0 | K8: =IFERROR(VLOOKUP(A8, 'Exercise Database'!A:J, 10, FALSE) * B8, "") -> 0
A9: Neutral-Grip Lat Pulldown | B9: 3 | C9: =IFERROR(VLOOKUP(A9, 'Exercise Database'!A:J, 2, FALSE) * B9, "") -> 0 | D9: =IFERROR(VLOOKUP(A9, 'Exercise Database'!A:J, 3, FALSE) * B9, "") -> 0.75 | E9: =IFERROR(VLOOKUP(A9, 'Exercise Database'!A:J, 4, FALSE) * B9, "") -> 3 | F9: =IFERROR(VLOOKUP(A9, 'Exercise Database'!A:J, 5, FALSE) * B9, "") -> 0 | G9: =IFERROR(VLOOKUP(A9, 'Exercise Database'!A:J, 6, FALSE) * B9, "") -> 1.5 | H9: =IFERROR(VLOOKUP(A9, 'Exercise Database'!A:J, 7, FALSE) * B9, "") -> 0 | I9: =IFERROR(VLOOKUP(A9, 'Exercise Database'!A:J, 8, FALSE) * B9, "") -> 0 | J9: =IFERROR(VLOOKUP(A9, 'Exercise Database'!A:J, 9, FALSE) * B9, "") -> 0 | K9: =IFERROR(VLOOKUP(A9, 'Exercise Database'!A:J, 10, FALSE) * B9, "") -> 0
A10: Reverse Pec Deck | B10: 3 | C10: =IFERROR(VLOOKUP(A10, 'Exercise Database'!A:J, 2, FALSE) * B10, "") -> 0 | D10: =IFERROR(VLOOKUP(A10, 'Exercise Database'!A:J, 3, FALSE) * B10, "") -> 3 | E10: =IFERROR(VLOOKUP(A10, 'Exercise Database'!A:J, 4, FALSE) * B10, "") -> 1.5 | F10: =IFERROR(VLOOKUP(A10, 'Exercise Database'!A:J, 5, FALSE) * B10, "") -> 0 | G10: =IFERROR(VLOOKUP(A10, 'Exercise Database'!A:J, 6, FALSE) * B10, "") -> 0 | H10: =IFERROR(VLOOKUP(A10, 'Exercise Database'!A:J, 7, FALSE) * B10, "") -> 0 | I10: =IFERROR(VLOOKUP(A10, 'Exercise Database'!A:J, 8, FALSE) * B10, "") -> 0 | J10: =IFERROR(VLOOKUP(A10, 'Exercise Database'!A:J, 9, FALSE) * B10, "") -> 0 | K10: =IFERROR(VLOOKUP(A10, 'Exercise Database'!A:J, 10, FALSE) * B10, "") -> 0
A11: Dumbbell Curls | B11: 3 | C11: =IFERROR(VLOOKUP(A11, 'Exercise Database'!A:J, 2, FALSE) * B11, "") -> 0 | D11: =IFERROR(VLOOKUP(A11, 'Exercise Database'!A:J, 3, FALSE) * B11, "") -> 0 | E11: =IFERROR(VLOOKUP(A11, 'Exercise Database'!A:J, 4, FALSE) * B11, "") -> 0 | F11: =IFERROR(VLOOKUP(A11, 'Exercise Database'!A:J, 5, FALSE) * B11, "") -> 0 | G11: =IFERROR(VLOOKUP(A11, 'Exercise Database'!A:J, 6, FALSE) * B11, "") -> 3 | H11: =IFERROR(VLOOKUP(A11, 'Exercise Database'!A:J, 7, FALSE) * B11, "") -> 0 | I11: =IFERROR(VLOOKUP(A11, 'Exercise Database'!A:J, 8, FALSE) * B11, "") -> 0 | J11: =IFERROR(VLOOKUP(A11, 'Exercise Database'!A:J, 9, FALSE) * B11, "") -> 0 | K11: =IFERROR(VLOOKUP(A11, 'Exercise Database'!A:J, 10, FALSE) * B11, "") -> 0
A12: Hammer Curls | B12: 3 | C12: =IFERROR(VLOOKUP(A12, 'Exercise Database'!A:J, 2, FALSE) * B12, "") -> 0 | D12: =IFERROR(VLOOKUP(A12, 'Exercise Database'!A:J, 3, FALSE) * B12, "") -> 0 | E12: =IFERROR(VLOOKUP(A12, 'Exercise Database'!A:J, 4, FALSE) * B12, "") -> 0 | F12: =IFERROR(VLOOKUP(A12, 'Exercise Database'!A:J, 5, FALSE) * B12, "") -> 0 | G12: =IFERROR(VLOOKUP(A12, 'Exercise Database'!A:J, 6, FALSE) * B12, "") -> 3 | H12: =IFERROR(VLOOKUP(A12, 'Exercise Database'!A:J, 7, FALSE) * B12, "") -> 0 | I12: =IFERROR(VLOOKUP(A12, 'Exercise Database'!A:J, 8, FALSE) * B12, "") -> 0 | J12: =IFERROR(VLOOKUP(A12, 'Exercise Database'!A:J, 9, FALSE) * B12, "") -> 0 | K12: =IFERROR(VLOOKUP(A12, 'Exercise Database'!A:J, 10, FALSE) * B12, "") -> 0
A13: Incline Dumbbell Bench Press | B13: 3 | C13: =IFERROR(VLOOKUP(A13, 'Exercise Database'!A:J, 2, FALSE) * B13, "") -> 3 | D13: =IFERROR(VLOOKUP(A13, 'Exercise Database'!A:J, 3, FALSE) * B13, "") -> 1.5 | E13: =IFERROR(VLOOKUP(A13, 'Exercise Database'!A:J, 4, FALSE) * B13, "") -> 0 | F13: =IFERROR(VLOOKUP(A13, 'Exercise Database'!A:J, 5, FALSE) * B13, "") -> 1.5 | G13: =IFERROR(VLOOKUP(A13, 'Exercise Database'!A:J, 6, FALSE) * B13, "") -> 0 | H13: =IFERROR(VLOOKUP(A13, 'Exercise Database'!A:J, 7, FALSE) * B13, "") -> 0 | I13: =IFERROR(VLOOKUP(A13, 'Exercise Database'!A:J, 8, FALSE) * B13, "") -> 0 | J13: =IFERROR(VLOOKUP(A13, 'Exercise Database'!A:J, 9, FALSE) * B13, "") -> 0 | K13: =IFERROR(VLOOKUP(A13, 'Exercise Database'!A:J, 10, FALSE) * B13, "") -> 0
A14: Pec Deck | B14: 3 | C14: =IFERROR(VLOOKUP(A14, 'Exercise Database'!A:J, 2, FALSE) * B14, "") -> 3 | D14: =IFERROR(VLOOKUP(A14, 'Exercise Database'!A:J, 3, FALSE) * B14, "") -> 0.75 | E14: =IFERROR(VLOOKUP(A14, 'Exercise Database'!A:J, 4, FALSE) * B14, "") -> 0 | F14: =IFERROR(VLOOKUP(A14, 'Exercise Database'!A:J, 5, FALSE) * B14, "") -> 0 | G14: =IFERROR(VLOOKUP(A14, 'Exercise Database'!A:J, 6, FALSE) * B14, "") -> 0 | H14: =IFERROR(VLOOKUP(A14, 'Exercise Database'!A:J, 7, FALSE) * B14, "") -> 0 | I14: =IFERROR(VLOOKUP(A14, 'Exercise Database'!A:J, 8, FALSE) * B14, "") -> 0 | J14: =IFERROR(VLOOKUP(A14, 'Exercise Database'!A:J, 9, FALSE) * B14, "") -> 0 | K14: =IFERROR(VLOOKUP(A14, 'Exercise Database'!A:J, 10, FALSE) * B14, "") -> 0
... A24: Roman Chair Knee Raises | B24: 6 | C24: =IFERROR(VLOOKUP(A24, 'Exercise Database'!A:J, 2, FALSE) * B24, "") -> 0 | D24: =IFERROR(VLOOKUP(A24, 'Exercise Database'!A:J, 3, FALSE) * B24, "") -> 0 | E24: =IFERROR(VLOOKUP(A24, 'Exercise Database'!A:J, 4, FALSE) * B24, "") -> 0 | F24: =IFERROR(VLOOKUP(A24, 'Exercise Database'!A:J, 5, FALSE) * B24, "") -> 0 | G24: =IFERROR(VLOOKUP(A24, 'Exercise Database'!A:J, 6, FALSE) * B24, "") -> 0 | H24: =IFERROR(VLOOKUP(A24, 'Exercise Database'!A:J, 7, FALSE) * B24, "") -> 6 | I24: =IFERROR(VLOOKUP(A24, 'Exercise Database'!A:J, 8, FALSE) * B24, "") -> 0 | J24: =IFERROR(VLOOKUP(A24, 'Exercise Database'!A:J, 9, FALSE) * B24, "") -> 0 | K24: =IFERROR(VLOOKUP(A24, 'Exercise Database'!A:J, 10, FALSE) * B24, "") -> 0
C25: =IFERROR(VLOOKUP(A25, 'Exercise Database'!A:J, 2, FALSE) * B25, "") | D25: =IFERROR(VLOOKUP(A25, 'Exercise Database'!A:J, 3, FALSE) * B25, "") | E25: =IFERROR(VLOOKUP(A25, 'Exercise Database'!A:J, 4, FALSE) * B25, "") | F25: =IFERROR(VLOOKUP(A25, 'Exercise Database'!A:J, 5, FALSE) * B25, "") | G25: =IFERROR(VLOOKUP(A25, 'Exercise Database'!A:J, 6, FALSE) * B25, "") | H25: =IFERROR(VLOOKUP(A25, 'Exercise Database'!A:J, 7, FALSE) * B25, "") | I25: =IFERROR(VLOOKUP(A25, 'Exercise Database'!A:J, 8, FALSE) * B25, "") | J25: =IFERROR(VLOOKUP(A25, 'Exercise Database'!A:J, 9, FALSE) * B25, "") | K25: =IFERROR(VLOOKUP(A25, 'Exercise Database'!A:J, 10, FALSE) * B25, "")
C26: =IFERROR(VLOOKUP(A26, 'Exercise Database'!A:J, 2, FALSE) * B26, "") | D26: =IFERROR(VLOOKUP(A26, 'Exercise Database'!A:J, 3, FALSE) * B26, "") | E26: =IFERROR(VLOOKUP(A26, 'Exercise Database'!A:J, 4, FALSE) * B26, "") | F26: =IFERROR(VLOOKUP(A26, 'Exercise Database'!A:J, 5, FALSE) * B26, "") | G26: =IFERROR(VLOOKUP(A26, 'Exercise Database'!A:J, 6, FALSE) * B26, "") | H26: =IFERROR(VLOOKUP(A26, 'Exercise Database'!A:J, 7, FALSE) * B26, "") | I26: =IFERROR(VLOOKUP(A26, 'Exercise Database'!A:J, 8, FALSE) * B26, "") | J26: =IFERROR(VLOOKUP(A26, 'Exercise Database'!A:J, 9, FALSE) * B26, "") | K26: =IFERROR(VLOOKUP(A26, 'Exercise Database'!A:J, 10, FALSE) * B26, "")
C27: =IFERROR(VLOOKUP(A27, 'Exercise Database'!A:J, 2, FALSE) * B27, "") | D27: =IFERROR(VLOOKUP(A27, 'Exercise Database'!A:J, 3, FALSE) * B27, "") | E27: =IFERROR(VLOOKUP(A27, 'Exercise Database'!A:J, 4, FALSE) * B27, "") | F27: =IFERROR(VLOOKUP(A27, 'Exercise Database'!A:J, 5, FALSE) * B27, "") | G27: =IFERROR(VLOOKUP(A27, 'Exercise Database'!A:J, 6, FALSE) * B27, "") | H27: =IFERROR(VLOOKUP(A27, 'Exercise Database'!A:J, 7, FALSE) * B27, "") | I27: =IFERROR(VLOOKUP(A27, 'Exercise Database'!A:J, 8, FALSE) * B27, "") | J27: =IFERROR(VLOOKUP(A27, 'Exercise Database'!A:J, 9, FALSE) * B27, "") | K27: =IFERROR(VLOOKUP(A27, 'Exercise Database'!A:J, 10, FALSE) * B27, "")
C28: =IFERROR(VLOOKUP(A28, 'Exercise Database'!A:J, 2, FALSE) * B28, "") | D28: =IFERROR(VLOOKUP(A28, 'Exercise Database'!A:J, 3, FALSE) * B28, "") | E28: =IFERROR(VLOOKUP(A28, 'Exercise Database'!A:J, 4, FALSE) * B28, "") | F28: =IFERROR(VLOOKUP(A28, 'Exercise Database'!A:J, 5, FALSE) * B28, "") | G28: =IFERROR(VLOOKUP(A28, 'Exercise Database'!A:J, 6, FALSE) * B28, "") | H28: =IFERROR(VLOOKUP(A28, 'Exercise Database'!A:J, 7, FALSE) * B28, "") | I28: =IFERROR(VLOOKUP(A28, 'Exercise Database'!A:J, 8, FALSE) * B28, "") | J28: =IFERROR(VLOOKUP(A28, 'Exercise Database'!A:J, 9, FALSE) * B28, "") | K28: =IFERROR(VLOOKUP(A28, 'Exercise Database'!A:J, 10, FALSE) * B28, "")
C29: =IFERROR(VLOOKUP(A29, 'Exercise Database'!A:J, 2, FALSE) * B29, "") | D29: =IFERROR(VLOOKUP(A29, 'Exercise Database'!A:J, 3, FALSE) * B29, "") | E29: =IFERROR(VLOOKUP(A29, 'Exercise Database'!A:J, 4, FALSE) * B29, "") | F29: =IFERROR(VLOOKUP(A29, 'Exercise Database'!A:J, 5, FALSE) * B29, "") | G29: =IFERROR(VLOOKUP(A29, 'Exercise Database'!A:J, 6, FALSE) * B29, "") | H29: =IFERROR(VLOOKUP(A29, 'Exercise Database'!A:J, 7, FALSE) * B29, "") | I29: =IFERROR(VLOOKUP(A29, 'Exercise Database'!A:J, 8, FALSE) * B29, "") | J29: =IFERROR(VLOOKUP(A29, 'Exercise Database'!A:J, 9, FALSE) * B29, "") | K29: =IFERROR(VLOOKUP(A29, 'Exercise Database'!A:J, 10, FALSE) * B29, "")
C30: =IFERROR(VLOOKUP(A30, 'Exercise Database'!A:J, 2, FALSE) * B30, "") | D30: =IFERROR(VLOOKUP(A30, 'Exercise Database'!A:J, 3, FALSE) * B30, "") | E30: =IFERROR(VLOOKUP(A30, 'Exercise Database'!A:J, 4, FALSE) * B30, "") | F30: =IFERROR(VLOOKUP(A30, 'Exercise Database'!A:J, 5, FALSE) * B30, "") | G30: =IFERROR(VLOOKUP(A30, 'Exercise Database'!A:J, 6, FALSE) * B30, "") | H30: =IFERROR(VLOOKUP(A30, 'Exercise Database'!A:J, 7, FALSE) * B30, "") | I30: =IFERROR(VLOOKUP(A30, 'Exercise Database'!A:J, 8, FALSE) * B30, "") | J30: =IFERROR(VLOOKUP(A30, 'Exercise Database'!A:J, 9, FALSE) * B30, "") | K30: =IFERROR(VLOOKUP(A30, 'Exercise Database'!A:J, 10, FALSE) * B30, "")
C31: =IFERROR(VLOOKUP(A31, 'Exercise Database'!A:J, 2, FALSE) * B31, "") | D31: =IFERROR(VLOOKUP(A31, 'Exercise Database'!A:J, 3, FALSE) * B31, "") | E31: =IFERROR(VLOOKUP(A31, 'Exercise Database'!A:J, 4, FALSE) * B31, "") | F31: =IFERROR(VLOOKUP(A31, 'Exercise Database'!A:J, 5, FALSE) * B31, "") | G31: =IFERROR(VLOOKUP(A31, 'Exercise Database'!A:J, 6, FALSE) * B31, "") | H31: =IFERROR(VLOOKUP(A31, 'Exercise Database'!A:J, 7, FALSE) * B31, "") | I31: =IFERROR(VLOOKUP(A31, 'Exercise Database'!A:J, 8, FALSE) * B31, "") | J31: =IFERROR(VLOOKUP(A31, 'Exercise Database'!A:J, 9, FALSE) * B31, "") | K31: =IFERROR(VLOOKUP(A31, 'Exercise Database'!A:J, 10, FALSE) * B31, "")
C32: =IFERROR(VLOOKUP(A32, 'Exercise Database'!A:J, 2, FALSE) * B32, "") | D32: =IFERROR(VLOOKUP(A32, 'Exercise Database'!A:J, 3, FALSE) * B32, "") | E32: =IFERROR(VLOOKUP(A32, 'Exercise Database'!A:J, 4, FALSE) * B32, "") | F32: =IFERROR(VLOOKUP(A32, 'Exercise Database'!A:J, 5, FALSE) * B32, "") | G32: =IFERROR(VLOOKUP(A32, 'Exercise Database'!A:J, 6, FALSE) * B32, "") | H32: =IFERROR(VLOOKUP(A32, 'Exercise Database'!A:J, 7, FALSE) * B32, "") | I32: =IFERROR(VLOOKUP(A32, 'Exercise Database'!A:J, 8, FALSE) * B32, "") | J32: =IFERROR(VLOOKUP(A32, 'Exercise Database'!A:J, 9, FALSE) * B32, "") | K32: =IFERROR(VLOOKUP(A32, 'Exercise Database'!A:J, 10, FALSE) * B32, "")
C33: =IFERROR(VLOOKUP(A33, 'Exercise Database'!A:J, 2, FALSE) * B33, "") | D33: =IFERROR(VLOOKUP(A33, 'Exercise Database'!A:J, 3, FALSE) * B33, "") | E33: =IFERROR(VLOOKUP(A33, 'Exercise Database'!A:J, 4, FALSE) * B33, "") | F33: =IFERROR(VLOOKUP(A33, 'Exercise Database'!A:J, 5, FALSE) * B33, "") | G33: =IFERROR(VLOOKUP(A33, 'Exercise Database'!A:J, 6, FALSE) * B33, "") | H33: =IFERROR(VLOOKUP(A33, 'Exercise Database'!A:J, 7, FALSE) * B33, "") | I33: =IFERROR(VLOOKUP(A33, 'Exercise Database'!A:J, 8, FALSE) * B33, "") | J33: =IFERROR(VLOOKUP(A33, 'Exercise Database'!A:J, 9, FALSE) * B33, "") | K33: =IFERROR(VLOOKUP(A33, 'Exercise Database'!A:J, 10, FALSE) * B33, "")
C34: =IFERROR(VLOOKUP(A34, 'Exercise Database'!A:J, 2, FALSE) * B34, "") | D34: =IFERROR(VLOOKUP(A34, 'Exercise Database'!A:J, 3, FALSE) * B34, "") | E34: =IFERROR(VLOOKUP(A34, 'Exercise Database'!A:J, 4, FALSE) * B34, "") | F34: =IFERROR(VLOOKUP(A34, 'Exercise Database'!A:J, 5, FALSE) * B34, "") | G34: =IFERROR(VLOOKUP(A34, 'Exercise Database'!A:J, 6, FALSE) * B34, "") | H34: =IFERROR(VLOOKUP(A34, 'Exercise Database'!A:J, 7, FALSE) * B34, "") | I34: =IFERROR(VLOOKUP(A34, 'Exercise Database'!A:J, 8, FALSE) * B34, "") | J34: =IFERROR(VLOOKUP(A34, 'Exercise Database'!A:J, 9, FALSE) * B34, "") | K34: =IFERROR(VLOOKUP(A34, 'Exercise Database'!A:J, 10, FALSE) * B34, "")
C35: =IFERROR(VLOOKUP(A35, 'Exercise Database'!A:J, 2, FALSE) * B35, "") | D35: =IFERROR(VLOOKUP(A35, 'Exercise Database'!A:J, 3, FALSE) * B35, "") | E35: =IFERROR(VLOOKUP(A35, 'Exercise Database'!A:J, 4, FALSE) * B35, "") | F35: =IFERROR(VLOOKUP(A35, 'Exercise Database'!A:J, 5, FALSE) * B35, "") | G35: =IFERROR(VLOOKUP(A35, 'Exercise Database'!A:J, 6, FALSE) * B35, "") | H35: =IFERROR(VLOOKUP(A35, 'Exercise Database'!A:J, 7, FALSE) * B35, "") | I35: =IFERROR(VLOOKUP(A35, 'Exercise Database'!A:J, 8, FALSE) * B35, "") | J35: =IFERROR(VLOOKUP(A35, 'Exercise Database'!A:J, 9, FALSE) * B35, "") | K35: =IFERROR(VLOOKUP(A35, 'Exercise Database'!A:J, 10, FALSE) * B35, "")
C36: =IFERROR(VLOOKUP(A36, 'Exercise Database'!A:J, 2, FALSE) * B36, "") | D36: =IFERROR(VLOOKUP(A36, 'Exercise Database'!A:J, 3, FALSE) * B36, "") | E36: =IFERROR(VLOOKUP(A36, 'Exercise Database'!A:J, 4, FALSE) * B36, "") | F36: =IFERROR(VLOOKUP(A36, 'Exercise Database'!A:J, 5, FALSE) * B36, "") | G36: =IFERROR(VLOOKUP(A36, 'Exercise Database'!A:J, 6, FALSE) * B36, "") | H36: =IFERROR(VLOOKUP(A36, 'Exercise Database'!A:J, 7, FALSE) * B36, "") | I36: =IFERROR(VLOOKUP(A36, 'Exercise Database'!A:J, 8, FALSE) * B36, "") | J36: =IFERROR(VLOOKUP(A36, 'Exercise Database'!A:J, 9, FALSE) * B36, "") | K36: =IFERROR(VLOOKUP(A36, 'Exercise Database'!A:J, 10, FALSE) * B36, "")
... C100: =IFERROR(VLOOKUP(A100, 'Exercise Database'!A:J, 2, FALSE) * B100, "") | D100: =IFERROR(VLOOKUP(A100, 'Exercise Database'!A:J, 3, FALSE) * B100, "") | E100: =IFERROR(VLOOKUP(A100, 'Exercise Database'!A:J, 4, FALSE) * B100, "") | F100: =IFERROR(VLOOKUP(A100, 'Exercise Database'!A:J, 5, FALSE) * B100, "") | G100: =IFERROR(VLOOKUP(A100, 'Exercise Database'!A:J, 6, FALSE) * B100, "") | H100: =IFERROR(VLOOKUP(A100, 'Exercise Database'!A:J, 7, FALSE) * B100, "") | I100: =IFERROR(VLOOKUP(A100, 'Exercise Database'!A:J, 8, FALSE) * B100, "") | J100: =IFERROR(VLOOKUP(A100, 'Exercise Database'!A:J, 9, FALSE) * B100, "") | K100: =IFERROR(VLOOKUP(A100, 'Exercise Database'!A:J, 10, FALSE) * B100, "")

Sheet Workout Tracker (Army)
A1: Exercise | B1: Sets | C1: Chest | D1: Shoulder | E1: Back | F1: Triceps | G1: Biceps | H1: Abs | I1: Quads | J1: Hamstrings | K1: Glutes | M1: - | N1: Chest | O1: Shoulder | P1: Back | Q1: Triceps | R1: Biceps | S1: Abs | T1: Quads | U1: Hamstrings | V1: Glutes
A2: Incline Dumbbell Bench Press | B2: 4 | C2: =IFERROR(VLOOKUP(A2, 'Exercise Database'!A:J, 2, FALSE) * B2, "") -> 4 | D2: =IFERROR(VLOOKUP(A2, 'Exercise Database'!A:J, 3, FALSE) * B2, "") -> 2 | E2: =IFERROR(VLOOKUP(A2, 'Exercise Database'!A:J, 4, FALSE) * B2, "") -> 0 | F2: =IFERROR(VLOOKUP(A2, 'Exercise Database'!A:J, 5, FALSE) * B2, "") -> 2 | G2: =IFERROR(VLOOKUP(A2, 'Exercise Database'!A:J, 6, FALSE) * B2, "") -> 0 | H2: =IFERROR(VLOOKUP(A2, 'Exercise Database'!A:J, 7, FALSE) * B2, "") -> 0 | I2: =IFERROR(VLOOKUP(A2, 'Exercise Database'!A:J, 8, FALSE) * B2, "") -> 0 | J2: =IFERROR(VLOOKUP(A2, 'Exercise Database'!A:J, 9, FALSE) * B2, "") -> 0 | K2: =IFERROR(VLOOKUP(A2, 'Exercise Database'!A:J, 10, FALSE) * B2, "") -> 0 | M2: Total Number of Sets | N2: =SUM(C2:C100) -> 10.75 | O2: =SUM(D2:D100) -> 15.75 | P2: =SUM(E2:E100) -> 12.25 | Q2: =SUM(F2:F100) -> 11 | R2: =SUM(G2:G100) -> 10.75 | S2: =SUM(H2:H100) -> 10 | T2: =SUM(I2:I100) -> 9 | U2: =SUM(J2:J100) -> 9 | V2: =SUM(K2:K100) -> 4.5
A3: Standing Military Shoulder Press | B3: 3 | C3: =IFERROR(VLOOKUP(A3, 'Exercise Database'!A:J, 2, FALSE) * B3, "") -> 0.75 | D3: =IFERROR(VLOOKUP(A3, 'Exercise Database'!A:J, 3, FALSE) * B3, "") -> 3 | E3: =IFERROR(VLOOKUP(A3, 'Exercise Database'!A:J, 4, FALSE) * B3, "") -> 0 | F3: =IFERROR(VLOOKUP(A3, 'Exercise Database'!A:J, 5, FALSE) * B3, "") -> 1.5 | G3: =IFERROR(VLOOKUP(A3, 'Exercise Database'!A:J, 6, FALSE) * B3, "") -> 0 | H3: =IFERROR(VLOOKUP(A3, 'Exercise Database'!A:J, 7, FALSE) * B3, "") -> 0 | I3: =IFERROR(VLOOKUP(A3, 'Exercise Database'!A:J, 8, FALSE) * B3, "") -> 0 | J3: =IFERROR(VLOOKUP(A3, 'Exercise Database'!A:J, 9, FALSE) * B3, "") -> 0 | K3: =IFERROR(VLOOKUP(A3, 'Exercise Database'!A:J, 10, FALSE) * B3, "") -> 0
A4: Flat Barbell Bench Press | B4: 3 | C4: =IFERROR(VLOOKUP(A4, 'Exercise Database'!A:J, 2, FALSE) * B4, "") -> 3 | D4: =IFERROR(VLOOKUP(A4, 'Exercise Database'!A:J, 3, FALSE) * B4, "") -> 1.5 | E4: =IFERROR(VLOOKUP(A4, 'Exercise Database'!A:J, 4, FALSE) * B4, "") -> 0 | F4: =IFERROR(VLOOKUP(A4, 'Exercise Database'!A:J, 5, FALSE) * B4, "") -> 1.5 | G4: =IFERROR(VLOOKUP(A4, 'Exercise Database'!A:J, 6, FALSE) * B4, "") -> 0 | H4: =IFERROR(VLOOKUP(A4, 'Exercise Database'!A:J, 7, FALSE) * B4, "") -> 0 | I4: =IFERROR(VLOOKUP(A4, 'Exercise Database'!A:J, 8, FALSE) * B4, "") -> 0 | J4: =IFERROR(VLOOKUP(A4, 'Exercise Database'!A:J, 9, FALSE) * B4, "") -> 0 | K4: =IFERROR(VLOOKUP(A4, 'Exercise Database'!A:J, 10, FALSE) * B4, "") -> 0
A5: Pec Deck | B5: 3 | C5: =IFERROR(VLOOKUP(A5, 'Exercise Database'!A:J, 2, FALSE) * B5, "") -> 3 | D5: =IFERROR(VLOOKUP(A5, 'Exercise Database'!A:J, 3, FALSE) * B5, "") -> 0.75 | E5: =IFERROR(VLOOKUP(A5, 'Exercise Database'!A:J, 4, FALSE) * B5, "") -> 0 | F5: =IFERROR(VLOOKUP(A5, 'Exercise Database'!A:J, 5, FALSE) * B5, "") -> 0 | G5: =IFERROR(VLOOKUP(A5, 'Exercise Database'!A:J, 6, FALSE) * B5, "") -> 0 | H5: =IFERROR(VLOOKUP(A5, 'Exercise Database'!A:J, 7, FALSE) * B5, "") -> 0 | I5: =IFERROR(VLOOKUP(A5, 'Exercise Database'!A:J, 8, FALSE) * B5, "") -> 0 | J5: =IFERROR(VLOOKUP(A5, 'Exercise Database'!A:J, 9, FALSE) * B5, "") -> 0 | K5: =IFERROR(VLOOKUP(A5, 'Exercise Database'!A:J, 10, FALSE) * B5, "") -> 0
A6: Cable Overhead Extension | B6: 3 | C6: =IFERROR(VLOOKUP(A6, 'Exercise Database'!A:J, 2, FALSE) * B6, "") -> 0 | D6: =IFERROR(VLOOKUP(A6, 'Exercise Database'!A:J, 3, FALSE) * B6, "") -> 0 | E6: =IFERROR(VLOOKUP(A6, 'Exercise Database'!A:J, 4, FALSE) * B6, "") -> 0 | F6: =IFERROR(VLOOKUP(A6, 'Exercise Database'!A:J, 5, FALSE) * B6, "") -> 3 | G6: =IFERROR(VLOOKUP(A6, 'Exercise Database'!A:J, 6, FALSE) * B6, "") -> 0 | H6: =IFERROR(VLOOKUP(A6, 'Exercise Database'!A:J, 7, FALSE) * B6, "") -> 0 | I6: =IFERROR(VLOOKUP(A6, 'Exercise Database'!A:J, 8, FALSE) * B6, "") -> 0 | J6: =IFERROR(VLOOKUP(A6, 'Exercise Database'!A:J, 9, FALSE) * B6, "") -> 0 | K6: =IFERROR(VLOOKUP(A6, 'Exercise Database'!A:J, 10, FALSE) * B6, "") -> 0
A7: Cable Pushdown | B7: 3 | C7: =IFERROR(VLOOKUP(A7, 'Exercise Database'!A:J, 2, FALSE) * B7, "") -> 0 | D7: =IFERROR(VLOOKUP(A7, 'Exercise Database'!A:J, 3, FALSE) * B7, "") -> 0 | E7: =IFERROR(VLOOKUP(A7, 'Exercise Database'!A:J, 4, FALSE) * B7, "") -> 0 | F7: =IFERROR(VLOOKUP(A7, 'Exercise Database'!A:J, 5, FALSE) * B7, "") -> 3 | G7: =IFERROR(VLOOKUP(A7, 'Exercise Database'!A:J, 6, FALSE) * B7, "") -> 0 | H7: =IFERROR(VLOOKUP(A7, 'Exercise Database'!A:J, 7, FALSE) * B7, "") -> 0 | I7: =IFERROR(VLOOKUP(A7, 'Exercise Database'!A:J, 8, FALSE) * B7, "") -> 0 | J7: =IFERROR(VLOOKUP(A7, 'Exercise Database'!A:J, 9, FALSE) * B7, "") -> 0 | K7: =IFERROR(VLOOKUP(A7, 'Exercise Database'!A:J, 10, FALSE) * B7, "") -> 0
A8: Chest-Supported Rows | B8: 4 | C8: =IFERROR(VLOOKUP(A8, 'Exercise Database'!A:J, 2, FALSE) * B8, "") -> 0 | D8: =IFERROR(VLOOKUP(A8, 'Exercise Database'!A:J, 3, FALSE) * B8, "") -> 1 | E8: =IFERROR(VLOOKUP(A8, 'Exercise Database'!A:J, 4, FALSE) * B8, "") -> 4 | F8: =IFERROR(VLOOKUP(A8, 'Exercise Database'!A:J, 5, FALSE) * B8, "") -> 0 | G8: =IFERROR(VLOOKUP(A8, 'Exercise Database'!A:J, 6, FALSE) * B8, "") -> 1 | H8: =IFERROR(VLOOKUP(A8, 'Exercise Database'!A:J, 7, FALSE) * B8, "") -> 0 | I8: =IFERROR(VLOOKUP(A8, 'Exercise Database'!A:J, 8, FALSE) * B8, "") -> 0 | J8: =IFERROR(VLOOKUP(A8, 'Exercise Database'!A:J, 9, FALSE) * B8, "") -> 0 | K8: =IFERROR(VLOOKUP(A8, 'Exercise Database'!A:J, 10, FALSE) * B8, "") -> 0
A9: Neutral-Grip Lat Pulldown | B9: 3 | C9: =IFERROR(VLOOKUP(A9, 'Exercise Database'!A:J, 2, FALSE) * B9, "") -> 0 | D9: =IFERROR(VLOOKUP(A9, 'Exercise Database'!A:J, 3, FALSE) * B9, "") -> 0.75 | E9: =IFERROR(VLOOKUP(A9, 'Exercise Database'!A:J, 4, FALSE) * B9, "") -> 3 | F9: =IFERROR(VLOOKUP(A9, 'Exercise Database'!A:J, 5, FALSE) * B9, "") -> 0 | G9: =IFERROR(VLOOKUP(A9, 'Exercise Database'!A:J, 6, FALSE) * B9, "") -> 1.5 | H9: =IFERROR(VLOOKUP(A9, 'Exercise Database'!A:J, 7, FALSE) * B9, "") -> 0 | I9: =IFERROR(VLOOKUP(A9, 'Exercise Database'!A:J, 8, FALSE) * B9, "") -> 0 | J9: =IFERROR(VLOOKUP(A9, 'Exercise Database'!A:J, 9, FALSE) * B9, "") -> 0 | K9: =IFERROR(VLOOKUP(A9, 'Exercise Database'!A:J, 10, FALSE) * B9, "") -> 0
A10: Cable Lateral Raises | B10: 3 | C10: =IFERROR(VLOOKUP(A10, 'Exercise Database'!A:J, 2, FALSE) * B10, "") -> 0 | D10: =IFERROR(VLOOKUP(A10, 'Exercise Database'!A:J, 3, FALSE) * B10, "") -> 3 | E10: =IFERROR(VLOOKUP(A10, 'Exercise Database'!A:J, 4, FALSE) * B10, "") -> 0 | F10: =IFERROR(VLOOKUP(A10, 'Exercise Database'!A:J, 5, FALSE) * B10, "") -> 0 | G10: =IFERROR(VLOOKUP(A10, 'Exercise Database'!A:J, 6, FALSE) * B10, "") -> 0 | H10: =IFERROR(VLOOKUP(A10, 'Exercise Database'!A:J, 7, FALSE) * B10, "") -> 0 | I10: =IFERROR(VLOOKUP(A10, 'Exercise Database'!A:J, 8, FALSE) * B10, "") -> 0 | J10: =IFERROR(VLOOKUP(A10, 'Exercise Database'!A:J, 9, FALSE) * B10, "") -> 0 | K10: =IFERROR(VLOOKUP(A10, 'Exercise Database'!A:J, 10, FALSE) * B10, "") -> 0
A11: Dumbbell Curls | B11: 3 | C11: =IFERROR(VLOOKUP(A11, 'Exercise Database'!A:J, 2, FALSE) * B11, "") -> 0 | D11: =IFERROR(VLOOKUP(A11, 'Exercise Database'!A:J, 3, FALSE) * B11, "") -> 0 | E11: =IFERROR(VLOOKUP(A11, 'Exercise Database'!A:J, 4, FALSE) * B11, "") -> 0 | F11: =IFERROR(VLOOKUP(A11, 'Exercise Database'!A:J, 5, FALSE) * B11, "") -> 0 | G11: =IFERROR(VLOOKUP(A11, 'Exercise Database'!A:J, 6, FALSE) * B11, "") -> 3 | H11: =IFERROR(VLOOKUP(A11, 'Exercise Database'!A:J, 7, FALSE) * B11, "") -> 0 | I11: =IFERROR(VLOOKUP(A11, 'Exercise Database'!A:J, 8, FALSE) * B11, "") -> 0 | J11: =IFERROR(VLOOKUP(A11, 'Exercise Database'!A:J, 9, FALSE) * B11, "") -> 0 | K11: =IFERROR(VLOOKUP(A11, 'Exercise Database'!A:J, 10, FALSE) * B11, "") -> 0
A12: Hammer Curls | B12: 3 | C12: =IFERROR(VLOOKUP(A12, 'Exercise Database'!A:J, 2, FALSE) * B12, "") -> 0 | D12: =IFERROR(VLOOKUP(A12, 'Exercise Database'!A:J, 3, FALSE) * B12, "") -> 0 | E12: =IFERROR(VLOOKUP(A12, 'Exercise Database'!A:J, 4, FALSE) * B12, "") -> 0 | F12: =IFERROR(VLOOKUP(A12, 'Exercise Database'!A:J, 5, FALSE) * B12, "") -> 0 | G12: =IFERROR(VLOOKUP(A12, 'Exercise Database'!A:J, 6, FALSE) * B12, "") -> 3 | H12: =IFERROR(VLOOKUP(A12, 'Exercise Database'!A:J, 7, FALSE) * B12, "") -> 0 | I12: =IFERROR(VLOOKUP(A12, 'Exercise Database'!A:J, 8, FALSE) * B12, "") -> 0 | J12: =IFERROR(VLOOKUP(A12, 'Exercise Database'!A:J, 9, FALSE) * B12, "") -> 0 | K12: =IFERROR(VLOOKUP(A12, 'Exercise Database'!A:J, 10, FALSE) * B12, "") -> 0
A13: Rear Delt Fly | B13: 3 | C13: =IFERROR(VLOOKUP(A13, 'Exercise Database'!A:J, 2, FALSE) * B13, "") -> 0 | D13: =IFERROR(VLOOKUP(A13, 'Exercise Database'!A:J, 3, FALSE) * B13, "") -> 3 | E13: =IFERROR(VLOOKUP(A13, 'Exercise Database'!A:J, 4, FALSE) * B13, "") -> 0.75 | F13: =IFERROR(VLOOKUP(A13, 'Exercise Database'!A:J, 5, FALSE) * B13, "") -> 0 | G13: =IFERROR(VLOOKUP(A13, 'Exercise Database'!A:J, 6, FALSE) * B13, "") -> 0 | H13: =IFERROR(VLOOKUP(A13, 'Exercise Database'!A:J, 7, FALSE) * B13, "") -> 0 | I13: =IFERROR(VLOOKUP(A13, 'Exercise Database'!A:J, 8, FALSE) * B13, "") -> 0 | J13: =IFERROR(VLOOKUP(A13, 'Exercise Database'!A:J, 9, FALSE) * B13, "") -> 0 | K13: =IFERROR(VLOOKUP(A13, 'Exercise Database'!A:J, 10, FALSE) * B13, "") -> 0
A14: Chin-Ups | B14: 3 | C14: =IFERROR(VLOOKUP(A14, 'Exercise Database'!A:J, 2, FALSE) * B14, "") -> 0 | D14: =IFERROR(VLOOKUP(A14, 'Exercise Database'!A:J, 3, FALSE) * B14, "") -> 0.75 | E14: =IFERROR(VLOOKUP(A14, 'Exercise Database'!A:J, 4, FALSE) * B14, "") -> 3 | F14: =IFERROR(VLOOKUP(A14, 'Exercise Database'!A:J, 5, FALSE) * B14, "") -> 0 | G14: =IFERROR(VLOOKUP(A14, 'Exercise Database'!A:J, 6, FALSE) * B14, "") -> 2.25 | H14: =IFERROR(VLOOKUP(A14, 'Exercise Database'!A:J, 7, FALSE) * B14, "") -> 0 | I14: =IFERROR(VLOOKUP(A14, 'Exercise Database'!A:J, 8, FALSE) * B14, "") -> 0 | J14: =IFERROR(VLOOKUP(A14, 'Exercise Database'!A:J, 9, FALSE) * B14, "") -> 0 | K14: =IFERROR(VLOOKUP(A14, 'Exercise Database'!A:J, 10, FALSE) * B14, "") -> 0
... A21: Roman Chair Knee Raises | B21: 5 | C21: =IFERROR(VLOOKUP(A21, 'Exercise Database'!A:J, 2, FALSE) * B21, "") -> 0 | D21: =IFERROR(VLOOKUP(A21, 'Exercise Database'!A:J, 3, FALSE) * B21, "") -> 0 | E21: =IFERROR(VLOOKUP(A21, 'Exercise Database'!A:J, 4, FALSE) * B21, "") -> 0 | F21: =IFERROR(VLOOKUP(A21, 'Exercise Database'!A:J, 5, FALSE) * B21, "") -> 0 | G21: =IFERROR(VLOOKUP(A21, 'Exercise Database'!A:J, 6, FALSE) * B21, "") -> 0 | H21: =IFERROR(VLOOKUP(A21, 'Exercise Database'!A:J, 7, FALSE) * B21, "") -> 5 | I21: =IFERROR(VLOOKUP(A21, 'Exercise Database'!A:J, 8, FALSE) * B21, "") -> 0 | J21: =IFERROR(VLOOKUP(A21, 'Exercise Database'!A:J, 9, FALSE) * B21, "") -> 0 | K21: =IFERROR(VLOOKUP(A21, 'Exercise Database'!A:J, 10, FALSE) * B21, "") -> 0
C22: =IFERROR(VLOOKUP(A22, 'Exercise Database'!A:J, 2, FALSE) * B22, "") | D22: =IFERROR(VLOOKUP(A22, 'Exercise Database'!A:J, 3, FALSE) * B22, "") | E22: =IFERROR(VLOOKUP(A22, 'Exercise Database'!A:J, 4, FALSE) * B22, "") | F22: =IFERROR(VLOOKUP(A22, 'Exercise Database'!A:J, 5, FALSE) * B22, "") | G22: =IFERROR(VLOOKUP(A22, 'Exercise Database'!A:J, 6, FALSE) * B22, "") | H22: =IFERROR(VLOOKUP(A22, 'Exercise Database'!A:J, 7, FALSE) * B22, "") | I22: =IFERROR(VLOOKUP(A22, 'Exercise Database'!A:J, 8, FALSE) * B22, "") | J22: =IFERROR(VLOOKUP(A22, 'Exercise Database'!A:J, 9, FALSE) * B22, "") | K22: =IFERROR(VLOOKUP(A22, 'Exercise Database'!A:J, 10, FALSE) * B22, "")
C23: =IFERROR(VLOOKUP(A23, 'Exercise Database'!A:J, 2, FALSE) * B23, "") | D23: =IFERROR(VLOOKUP(A23, 'Exercise Database'!A:J, 3, FALSE) * B23, "") | E23: =IFERROR(VLOOKUP(A23, 'Exercise Database'!A:J, 4, FALSE) * B23, "") | F23: =IFERROR(VLOOKUP(A23, 'Exercise Database'!A:J, 5, FALSE) * B23, "") | G23: =IFERROR(VLOOKUP(A23, 'Exercise Database'!A:J, 6, FALSE) * B23, "") | H23: =IFERROR(VLOOKUP(A23, 'Exercise Database'!A:J, 7, FALSE) * B23, "") | I23: =IFERROR(VLOOKUP(A23, 'Exercise Database'!A:J, 8, FALSE) * B23, "") | J23: =IFERROR(VLOOKUP(A23, 'Exercise Database'!A:J, 9, FALSE) * B23, "") | K23: =IFERROR(VLOOKUP(A23, 'Exercise Database'!A:J, 10, FALSE) * B23, "")
C24: =IFERROR(VLOOKUP(A24, 'Exercise Database'!A:J, 2, FALSE) * B24, "") | D24: =IFERROR(VLOOKUP(A24, 'Exercise Database'!A:J, 3, FALSE) * B24, "") | E24: =IFERROR(VLOOKUP(A24, 'Exercise Database'!A:J, 4, FALSE) * B24, "") | F24: =IFERROR(VLOOKUP(A24, 'Exercise Database'!A:J, 5, FALSE) * B24, "") | G24: =IFERROR(VLOOKUP(A24, 'Exercise Database'!A:J, 6, FALSE) * B24, "") | H24: =IFERROR(VLOOKUP(A24, 'Exercise Database'!A:J, 7, FALSE) * B24, "") | I24: =IFERROR(VLOOKUP(A24, 'Exercise Database'!A:J, 8, FALSE) * B24, "") | J24: =IFERROR(VLOOKUP(A24, 'Exercise Database'!A:J, 9, FALSE) * B24, "") | K24: =IFERROR(VLOOKUP(A24, 'Exercise Database'!A:J, 10, FALSE) * B24, "")
C25: =IFERROR(VLOOKUP(A25, 'Exercise Database'!A:J, 2, FALSE) * B25, "") | D25: =IFERROR(VLOOKUP(A25, 'Exercise Database'!A:J, 3, FALSE) * B25, "") | E25: =IFERROR(VLOOKUP(A25, 'Exercise Database'!A:J, 4, FALSE) * B25, "") | F25: =IFERROR(VLOOKUP(A25, 'Exercise Database'!A:J, 5, FALSE) * B25, "") | G25: =IFERROR(VLOOKUP(A25, 'Exercise Database'!A:J, 6, FALSE) * B25, "") | H25: =IFERROR(VLOOKUP(A25, 'Exercise Database'!A:J, 7, FALSE) * B25, "") | I25: =IFERROR(VLOOKUP(A25, 'Exercise Database'!A:J, 8, FALSE) * B25, "") | J25: =IFERROR(VLOOKUP(A25, 'Exercise Database'!A:J, 9, FALSE) * B25, "") | K25: =IFERROR(VLOOKUP(A25, 'Exercise Database'!A:J, 10, FALSE) * B25, "")
C26: =IFERROR(VLOOKUP(A26, 'Exercise Database'!A:J, 2, FALSE) * B26, "") | D26: =IFERROR(VLOOKUP(A26, 'Exercise Database'!A:J, 3, FALSE) * B26, "") | E26: =IFERROR(VLOOKUP(A26, 'Exercise Database'!A:J, 4, FALSE) * B26, "") | F26: =IFERROR(VLOOKUP(A26, 'Exercise Database'!A:J, 5, FALSE) * B26, "") | G26: =IFERROR(VLOOKUP(A26, 'Exercise Database'!A:J, 6, FALSE) * B26, "") | H26: =IFERROR(VLOOKUP(A26, 'Exercise Database'!A:J, 7, FALSE) * B26, "") | I26: =IFERROR(VLOOKUP(A26, 'Exercise Database'!A:J, 8, FALSE) * B26, "") | J26: =IFERROR(VLOOKUP(A26, 'Exercise Database'!A:J, 9, FALSE) * B26, "") | K26: =IFERROR(VLOOKUP(A26, 'Exercise Database'!A:J, 10, FALSE) * B26, "")
C27: =IFERROR(VLOOKUP(A27, 'Exercise Database'!A:J, 2, FALSE) * B27, "") | D27: =IFERROR(VLOOKUP(A27, 'Exercise Database'!A:J, 3, FALSE) * B27, "") | E27: =IFERROR(VLOOKUP(A27, 'Exercise Database'!A:J, 4, FALSE) * B27, "") | F27: =IFERROR(VLOOKUP(A27, 'Exercise Database'!A:J, 5, FALSE) * B27, "") | G27: =IFERROR(VLOOKUP(A27, 'Exercise Database'!A:J, 6, FALSE) * B27, "") | H27: =IFERROR(VLOOKUP(A27, 'Exercise Database'!A:J, 7, FALSE) * B27, "") | I27: =IFERROR(VLOOKUP(A27, 'Exercise Database'!A:J, 8, FALSE) * B27, "") | J27: =IFERROR(VLOOKUP(A27, 'Exercise Database'!A:J, 9, FALSE) * B27, "") | K27: =IFERROR(VLOOKUP(A27, 'Exercise Database'!A:J, 10, FALSE) * B27, "")
C28: =IFERROR(VLOOKUP(A28, 'Exercise Database'!A:J, 2, FALSE) * B28, "") | D28: =IFERROR(VLOOKUP(A28, 'Exercise Database'!A:J, 3, FALSE) * B28, "") | E28: =IFERROR(VLOOKUP(A28, 'Exercise Database'!A:J, 4, FALSE) * B28, "") | F28: =IFERROR(VLOOKUP(A28, 'Exercise Database'!A:J, 5, FALSE) * B28, "") | G28: =IFERROR(VLOOKUP(A28, 'Exercise Database'!A:J, 6, FALSE) * B28, "") | H28: =IFERROR(VLOOKUP(A28, 'Exercise Database'!A:J, 7, FALSE) * B28, "") | I28: =IFERROR(VLOOKUP(A28, 'Exercise Database'!A:J, 8, FALSE) * B28, "") | J28: =IFERROR(VLOOKUP(A28, 'Exercise Database'!A:J, 9, FALSE) * B28, "") | K28: =IFERROR(VLOOKUP(A28, 'Exercise Database'!A:J, 10, FALSE) * B28, "")
C29: =IFERROR(VLOOKUP(A29, 'Exercise Database'!A:J, 2, FALSE) * B29, "") | D29: =IFERROR(VLOOKUP(A29, 'Exercise Database'!A:J, 3, FALSE) * B29, "") | E29: =IFERROR(VLOOKUP(A29, 'Exercise Database'!A:J, 4, FALSE) * B29, "") | F29: =IFERROR(VLOOKUP(A29, 'Exercise Database'!A:J, 5, FALSE) * B29, "") | G29: =IFERROR(VLOOKUP(A29, 'Exercise Database'!A:J, 6, FALSE) * B29, "") | H29: =IFERROR(VLOOKUP(A29, 'Exercise Database'!A:J, 7, FALSE) * B29, "") | I29: =IFERROR(VLOOKUP(A29, 'Exercise Database'!A:J, 8, FALSE) * B29, "") | J29: =IFERROR(VLOOKUP(A29, 'Exercise Database'!A:J, 9, FALSE) * B29, "") | K29: =IFERROR(VLOOKUP(A29, 'Exercise Database'!A:J, 10, FALSE) * B29, "")
C30: =IFERROR(VLOOKUP(A30, 'Exercise Database'!A:J, 2, FALSE) * B30, "") | D30: =IFERROR(VLOOKUP(A30, 'Exercise Database'!A:J, 3, FALSE) * B30, "") | E30: =IFERROR(VLOOKUP(A30, 'Exercise Database'!A:J, 4, FALSE) * B30, "") | F30: =IFERROR(VLOOKUP(A30, 'Exercise Database'!A:J, 5, FALSE) * B30, "") | G30: =IFERROR(VLOOKUP(A30, 'Exercise Database'!A:J, 6, FALSE) * B30, "") | H30: =IFERROR(VLOOKUP(A30, 'Exercise Database'!A:J, 7, FALSE) * B30, "") | I30: =IFERROR(VLOOKUP(A30, 'Exercise Database'!A:J, 8, FALSE) * B30, "") | J30: =IFERROR(VLOOKUP(A30, 'Exercise Database'!A:J, 9, FALSE) * B30, "") | K30: =IFERROR(VLOOKUP(A30, 'Exercise Database'!A:J, 10, FALSE) * B30, "")
C31: =IFERROR(VLOOKUP(A31, 'Exercise Database'!A:J, 2, FALSE) * B31, "") | D31: =IFERROR(VLOOKUP(A31, 'Exercise Database'!A:J, 3, FALSE) * B31, "") | E31: =IFERROR(VLOOKUP(A31, 'Exercise Database'!A:J, 4, FALSE) * B31, "") | F31: =IFERROR(VLOOKUP(A31, 'Exercise Database'!A:J, 5, FALSE) * B31, "") | G31: =IFERROR(VLOOKUP(A31, 'Exercise Database'!A:J, 6, FALSE) * B31, "") | H31: =IFERROR(VLOOKUP(A31, 'Exercise Database'!A:J, 7, FALSE) * B31, "") | I31: =IFERROR(VLOOKUP(A31, 'Exercise Database'!A:J, 8, FALSE) * B31, "") | J31: =IFERROR(VLOOKUP(A31, 'Exercise Database'!A:J, 9, FALSE) * B31, "") | K31: =IFERROR(VLOOKUP(A31, 'Exercise Database'!A:J, 10, FALSE) * B31, "")
C32: =IFERROR(VLOOKUP(A32, 'Exercise Database'!A:J, 2, FALSE) * B32, "") | D32: =IFERROR(VLOOKUP(A32, 'Exercise Database'!A:J, 3, FALSE) * B32, "") | E32: =IFERROR(VLOOKUP(A32, 'Exercise Database'!A:J, 4, FALSE) * B32, "") | F32: =IFERROR(VLOOKUP(A32, 'Exercise Database'!A:J, 5, FALSE) * B32, "") | G32: =IFERROR(VLOOKUP(A32, 'Exercise Database'!A:J, 6, FALSE) * B32, "") | H32: =IFERROR(VLOOKUP(A32, 'Exercise Database'!A:J, 7, FALSE) * B32, "") | I32: =IFERROR(VLOOKUP(A32, 'Exercise Database'!A:J, 8, FALSE) * B32, "") | J32: =IFERROR(VLOOKUP(A32, 'Exercise Database'!A:J, 9, FALSE) * B32, "") | K32: =IFERROR(VLOOKUP(A32, 'Exercise Database'!A:J, 10, FALSE) * B32, "")
C33: =IFERROR(VLOOKUP(A33, 'Exercise Database'!A:J, 2, FALSE) * B33, "") | D33: =IFERROR(VLOOKUP(A33, 'Exercise Database'!A:J, 3, FALSE) * B33, "") | E33: =IFERROR(VLOOKUP(A33, 'Exercise Database'!A:J, 4, FALSE) * B33, "") | F33: =IFERROR(VLOOKUP(A33, 'Exercise Database'!A:J, 5, FALSE) * B33, "") | G33: =IFERROR(VLOOKUP(A33, 'Exercise Database'!A:J, 6, FALSE) * B33, "") | H33: =IFERROR(VLOOKUP(A33, 'Exercise Database'!A:J, 7, FALSE) * B33, "") | I33: =IFERROR(VLOOKUP(A33, 'Exercise Database'!A:J, 8, FALSE) * B33, "") | J33: =IFERROR(VLOOKUP(A33, 'Exercise Database'!A:J, 9, FALSE) * B33, "") | K33: =IFERROR(VLOOKUP(A33, 'Exercise Database'!A:J, 10, FALSE) * B33, "")
... C100: =IFERROR(VLOOKUP(A100, 'Exercise Database'!A:J, 2, FALSE) * B100, "") | D100: =IFERROR(VLOOKUP(A100, 'Exercise Database'!A:J, 3, FALSE) * B100, "") | E100: =IFERROR(VLOOKUP(A100, 'Exercise Database'!A:J, 4, FALSE) * B100, "") | F100: =IFERROR(VLOOKUP(A100, 'Exercise Database'!A:J, 5, FALSE) * B100, "") | G100: =IFERROR(VLOOKUP(A100, 'Exercise Database'!A:J, 6, FALSE) * B100, "") | H100: =IFERROR(VLOOKUP(A100, 'Exercise Database'!A:J, 7, FALSE) * B100, "") | I100: =IFERROR(VLOOKUP(A100, 'Exercise Database'!A:J, 8, FALSE) * B100, "") | J100: =IFERROR(VLOOKUP(A100, 'Exercise Database'!A:J, 9, FALSE) * B100, "") | K100: =IFERROR(VLOOKUP(A100, 'Exercise Database'!A:J, 10, FALSE) * B100, "")
